t,n,pos_rate,acc,precision,recall,f1,spec,tn,fp,fn,tp
0.01,877,0.500570125427594,0.5062713797035348,0.5034562211981567,0.9954441913439636,0.6687069625095639,0.015981735159817313,7,431,2,437
0.02,877,0.500570125427594,0.5952109464082098,0.5573770491803278,0.929384965831435,0.6968403074295474,0.2602739726027391,114,324,31,408
0.03,877,0.500570125427594,0.6887115165336374,0.6383333333333333,0.8724373576309795,0.737247353224254,0.5045662100456609,221,217,56,383
0.04,877,0.500570125427594,0.734321550741163,0.6988416988416989,0.8246013667425968,0.7565308254963428,0.6438356164383546,282,156,77,362
0.05,877,0.500570125427594,0.7491448118586089,0.7248459958932238,0.8041002277904328,0.7624190064794817,0.6940639269406377,304,134,86,353
0.060000000000000005,877,0.500570125427594,0.758266818700114,0.7494505494505495,0.7767653758542141,0.7628635346756152,0.7397260273972586,324,114,98,341
0.06999999999999999,877,0.500570125427594,0.7651083238312428,0.76905311778291,0.7585421412300684,0.7637614678899083,0.7716894977168932,338,100,106,333
0.08,877,0.500570125427594,0.7673888255416191,0.7831325301204819,0.7403189066059226,0.7611241217798594,0.7945205479452037,348,90,114,325
0.09,877,0.500570125427594,0.7730900798175598,0.7955665024630542,0.7357630979498861,0.7644970414201183,0.8105022831050209,355,83,116,323
0.09999999999999999,877,0.500570125427594,0.7833523375142531,0.8200514138817481,0.7266514806378133,0.7705314009661836,0.8401826484018245,368,70,120,319
0.11,877,0.500570125427594,0.7844925883694412,0.8272251308900523,0.7198177676537585,0.7697929354445798,0.8493150684931488,372,66,123,316
0.12,877,0.500570125427594,0.7856328392246295,0.8328912466843501,0.715261958997722,0.7696078431372549,0.8561643835616418,375,63,125,314
0.13,877,0.500570125427594,0.7810718358038768,0.8365122615803815,0.6993166287015945,0.7617866004962779,0.863013698630135,378,60,132,307
0.14,877,0.500570125427594,0.7844925883694412,0.8453038674033149,0.6970387243735763,0.7640449438202247,0.8721461187214592,382,56,133,306
0.15000000000000002,877,0.500570125427594,0.7879133409350056,0.8543417366946778,0.6947608200455581,0.7663316582914573,0.8812785388127833,386,52,134,305
0.16,877,0.500570125427594,0.7867730900798175,0.8539325842696629,0.6924829157175398,0.7647798742138365,0.8812785388127833,386,52,135,304
0.17,877,0.500570125427594,0.7867730900798175,0.8559322033898306,0.6902050113895216,0.7641866330390921,0.8835616438356144,387,51,136,303
0.18000000000000002,877,0.500570125427594,0.7856328392246295,0.8555240793201133,0.6879271070615034,0.7626262626262627,0.8835616438356144,387,51,137,302
0.19,877,0.500570125427594,0.7833523375142531,0.8547008547008547,0.683371298405467,0.759493670886076,0.8835616438356144,387,51,139,300
0.2,877,0.500570125427594,0.7799315849486887,0.853448275862069,0.6765375854214123,0.7547649301143583,0.8835616438356144,387,51,142,297
0.21000000000000002,877,0.500570125427594,0.7776510832383124,0.8546511627906976,0.6697038724373576,0.7509578544061303,0.8858447488584454,388,50,145,294
0.22,877,0.500570125427594,0.7753705815279361,0.8622754491017964,0.6560364464692483,0.7451487710219923,0.8949771689497696,392,46,151,288
0.23,877,0.500570125427594,0.7730900798175598,0.8658536585365854,0.6469248291571754,0.7405475880052151,0.8995433789954317,394,44,155,284
0.24000000000000002,877,0.500570125427594,0.7719498289623717,0.8676923076923077,0.642369020501139,0.7382198952879581,0.9018264840182627,395,43,157,282
0.25,877,0.500570125427594,0.774230330672748,0.8753894080996885,0.6400911161731208,0.7394736842105263,0.9086757990867559,398,40,158,281
0.26,877,0.500570125427594,0.7753705815279361,0.8805031446540881,0.6378132118451025,0.7397622192866579,0.9132420091324179,400,38,159,280
0.27,877,0.500570125427594,0.7765108323831242,0.8832807570977917,0.6378132118451025,0.7407407407407407,0.915525114155249,401,37,159,280
0.28,877,0.500570125427594,0.7708095781071835,0.8814102564102564,0.6264236902050114,0.7323568575233023,0.915525114155249,401,37,164,275
0.29000000000000004,877,0.500570125427594,0.7651083238312428,0.8794788273615635,0.6150341685649203,0.7238605898123325,0.915525114155249,401,37,169,270
0.3,877,0.500570125427594,0.7685290763968073,0.8881578947368421,0.6150341685649203,0.7267833109017496,0.9223744292237421,404,34,169,270
0.31,877,0.500570125427594,0.7696693272519954,0.8963210702341137,0.6104783599088838,0.7262872628726287,0.9292237442922353,407,31,171,268
0.32,877,0.500570125427594,0.7696693272519954,0.9044368600682594,0.6036446469248291,0.7240437158469946,0.9360730593607284,410,28,174,265
0.33,877,0.500570125427594,0.7673888255416191,0.9037800687285223,0.5990888382687927,0.7205479452054795,0.9360730593607284,410,28,176,263
0.34,877,0.500570125427594,0.7651083238312428,0.903114186851211,0.5945330296127562,0.717032967032967,0.9360730593607284,410,28,178,261
0.35000000000000003,877,0.500570125427594,0.7639680729760547,0.9027777777777778,0.592255125284738,0.7152682255845942,0.9360730593607284,410,28,179,260
0.36000000000000004,877,0.500570125427594,0.7651083238312428,0.9087719298245615,0.5899772209567198,0.7154696132596685,0.9406392694063905,412,26,180,259
0.37,877,0.500570125427594,0.7628278221208666,0.9081272084805654,0.5854214123006833,0.7119113573407202,0.9406392694063905,412,26,182,257
0.38,877,0.500570125427594,0.7651083238312428,0.9145907473309609,0.5854214123006833,0.7138888888888889,0.9452054794520526,414,24,182,257
0.39,877,0.500570125427594,0.7628278221208666,0.9139784946236559,0.5808656036446469,0.7103064066852368,0.9452054794520526,414,24,184,255
0.4,877,0.500570125427594,0.7616875712656784,0.9136690647482014,0.5785876993166287,0.708507670850767,0.9452054794520526,414,24,185,254
0.41000000000000003,877,0.500570125427594,0.7616875712656784,0.9136690647482014,0.5785876993166287,0.708507670850767,0.9452054794520526,414,24,185,254
0.42000000000000004,877,0.500570125427594,0.758266818700114,0.9127272727272727,0.571753986332574,0.7030812324929971,0.9452054794520526,414,24,188,251
0.43,877,0.500570125427594,0.758266818700114,0.9188191881918819,0.5671981776765376,0.7014084507042253,0.9497716894977146,416,22,190,249
0.44,877,0.500570125427594,0.7571265678449259,0.9185185185185185,0.5649202733485194,0.6995768688293371,0.9497716894977146,416,22,191,248
0.45,877,0.500570125427594,0.7559863169897377,0.9213483146067416,0.5603644646924829,0.6968838526912181,0.9520547945205458,417,21,193,246
0.46,877,0.500570125427594,0.7571265678449259,0.924812030075188,0.5603644646924829,0.6978723404255319,0.9543378995433768,418,20,193,246
0.47000000000000003,877,0.500570125427594,0.7571265678449259,0.924812030075188,0.5603644646924829,0.6978723404255319,0.9543378995433768,418,20,193,246
0.48000000000000004,877,0.500570125427594,0.7559863169897377,0.9245283018867925,0.5580865603644647,0.6960227272727273,0.9543378995433768,418,20,194,245
0.49,877,0.500570125427594,0.7537058152793614,0.9239543726235742,0.5535307517084282,0.6923076923076923,0.9543378995433768,418,20,196,243
0.5,877,0.500570125427594,0.7525655644241733,0.9236641221374046,0.55125284738041,0.6904422253922967,0.9543378995433768,418,20,197,242
0.51,877,0.500570125427594,0.7525655644241733,0.9302325581395349,0.5466970387243736,0.6886657101865137,0.9589041095890388,420,18,199,240
0.52,877,0.500570125427594,0.7525655644241733,0.93359375,0.5444191343963554,0.6877697841726619,0.96118721461187,421,17,200,239
0.53,877,0.500570125427594,0.7514253135689852,0.9333333333333333,0.5421412300683371,0.6858789625360231,0.96118721461187,421,17,201,238
0.54,877,0.500570125427594,0.7491448118586089,0.932806324110672,0.5375854214123007,0.6820809248554913,0.96118721461187,421,17,203,236
0.55,877,0.500570125427594,0.7468643101482326,0.9322709163346613,0.5330296127562643,0.6782608695652174,0.96118721461187,421,17,205,234
0.56,877,0.500570125427594,0.7457240592930444,0.932,0.530751708428246,0.6763425253991292,0.96118721461187,421,17,206,233
0.5700000000000001,877,0.500570125427594,0.7457240592930444,0.932,0.530751708428246,0.6763425253991292,0.96118721461187,421,17,206,233
0.5800000000000001,877,0.500570125427594,0.74230330672748,0.9311740890688259,0.5239179954441914,0.6705539358600583,0.96118721461187,421,17,209,230
0.59,877,0.500570125427594,0.7400228050171037,0.9306122448979591,0.5193621867881549,0.6666666666666666,0.96118721461187,421,17,211,228
0.6,877,0.500570125427594,0.7411630558722919,0.9344262295081968,0.5193621867881549,0.6676427525622255,0.963470319634701,422,16,211,228
0.61,877,0.500570125427594,0.7400228050171037,0.934156378600823,0.5170842824601367,0.6656891495601173,0.963470319634701,422,16,212,227
0.62,877,0.500570125427594,0.734321550741163,0.9327731092436975,0.5056947608200456,0.6558345642540621,0.963470319634701,422,16,217,222
0.63,877,0.500570125427594,0.7309007981755986,0.9356223175965666,0.49658314350797267,0.6488095238095238,0.965753424657532,423,15,221,218
0.64,877,0.500570125427594,0.7274800456100342,0.9347826086956522,0.489749430523918,0.6427503736920778,0.965753424657532,423,15,224,215
0.65,877,0.500570125427594,0.7263397947548461,0.9344978165938864,0.4874715261958998,0.6407185628742516,0.965753424657532,423,15,225,214
0.66,877,0.500570125427594,0.7240592930444698,0.9377777777777778,0.4806378132118451,0.6355421686746988,0.968036529680363,424,14,228,211
0.67,877,0.500570125427594,0.7206385404789054,0.9369369369369369,0.47380410022779046,0.6293494704992436,0.968036529680363,424,14,231,208
0.68,877,0.500570125427594,0.7206385404789054,0.9369369369369369,0.47380410022779046,0.6293494704992436,0.968036529680363,424,14,231,208
0.6900000000000001,877,0.500570125427594,0.7172177879133409,0.9360730593607306,0.46697038724373574,0.6231003039513677,0.968036529680363,424,14,234,205
0.7000000000000001,877,0.500570125427594,0.7194982896237172,0.9447004608294931,0.46697038724373574,0.625,0.9726027397260252,426,12,234,205
0.7100000000000001,877,0.500570125427594,0.7206385404789054,0.9532710280373832,0.4646924829157175,0.6248085758039816,0.9771689497716872,428,10,235,204
0.72,877,0.500570125427594,0.7183580387685291,0.9528301886792453,0.4601366742596811,0.620583717357911,0.9771689497716872,428,10,237,202
0.73,877,0.500570125427594,0.7172177879133409,0.9569377990430622,0.45558086560364464,0.6172839506172839,0.9794520547945182,429,9,239,200
0.74,877,0.500570125427594,0.7160775370581528,0.9611650485436893,0.4510250569476082,0.6139534883720931,0.9817351598173493,430,8,241,198
0.75,877,0.500570125427594,0.7149372862029647,0.9609756097560975,0.44874715261959,0.6118012422360248,0.9817351598173493,430,8,242,197
0.76,877,0.500570125427594,0.7103762827822121,0.9601990049751243,0.4396355353075171,0.603125,0.9817351598173493,430,8,246,193
0.77,877,0.500570125427594,0.7035347776510832,0.958974358974359,0.42596810933940776,0.5899053627760252,0.9817351598173493,430,8,252,187
0.78,877,0.500570125427594,0.701254275940707,0.9585492227979274,0.4214123006833713,0.5854430379746836,0.9817351598173493,430,8,254,185
0.79,877,0.500570125427594,0.6978335233751425,0.9627659574468085,0.4123006833712984,0.5773524720893142,0.9840182648401804,431,7,258,181
0.8,877,0.500570125427594,0.6989737742303307,0.9679144385026738,0.4123006833712984,0.5782747603833865,0.9863013698630114,432,6,258,181
0.81,877,0.500570125427594,0.6978335233751425,0.967741935483871,0.41002277904328016,0.576,0.9863013698630114,432,6,259,180
0.8200000000000001,877,0.500570125427594,0.69327251995439,0.967032967032967,0.4009111617312073,0.5668276972624798,0.9863013698630114,432,6,263,176
0.8300000000000001,877,0.500570125427594,0.6898517673888256,0.9664804469273743,0.3940774487471526,0.5598705501618123,0.9863013698630114,432,6,266,173
0.8400000000000001,877,0.500570125427594,0.6864310148232611,0.9712643678160919,0.38496583143507973,0.5513866231647635,0.9885844748858424,433,5,270,169
0.85,877,0.500570125427594,0.6841505131128849,0.9709302325581395,0.3804100227790433,0.546644844517185,0.9885844748858424,433,5,272,167
0.86,877,0.500570125427594,0.6795895096921323,0.9702380952380952,0.3712984054669704,0.5370675453047776,0.9885844748858424,433,5,276,163
0.87,877,0.500570125427594,0.6704675028506272,0.96875,0.3530751708428246,0.5175292153589316,0.9885844748858424,433,5,284,155
0.88,877,0.500570125427594,0.6647662485746865,0.9738562091503268,0.33940774487471526,0.5033783783783784,0.9908675799086735,434,4,290,149
0.89,877,0.500570125427594,0.6567844925883695,0.9726027397260274,0.3234624145785877,0.48547008547008547,0.9908675799086735,434,4,297,142
0.9,877,0.500570125427594,0.645381984036488,0.9705882352941176,0.30068337129840544,0.4591304347826087,0.9908675799086735,434,4,307,132
0.91,877,0.500570125427594,0.637400228050171,0.9689922480620154,0.2847380410022779,0.44014084507042256,0.9908675799086735,434,4,314,125
0.92,877,0.500570125427594,0.6282782212086659,0.9669421487603306,0.26651480637813213,0.41785714285714287,0.9908675799086735,434,4,322,117
0.93,877,0.500570125427594,0.6180159635119726,0.9642857142857143,0.2460136674259681,0.39201451905626133,0.9908675799086735,434,4,331,108
0.9400000000000001,877,0.500570125427594,0.5986316989737742,0.9578947368421052,0.2072892938496583,0.3408239700374532,0.9908675799086735,434,4,348,91
0.9500000000000001,877,0.500570125427594,0.5849486887115165,0.9518072289156626,0.17995444191343962,0.30268199233716475,0.9908675799086735,434,4,360,79
0.9600000000000001,877,0.500570125427594,0.5678449258836944,0.9411764705882353,0.14578587699316628,0.252465483234714,0.9908675799086735,434,4,375,64
0.97,877,0.500570125427594,0.556442417331813,0.9629629629629629,0.11845102505694761,0.21095334685598377,0.9954337899543356,436,2,387,52
0.98,877,0.500570125427594,0.5290763968072976,0.9642857142857143,0.06150341685649203,0.11563169164882227,0.9977168949771666,437,1,412,27
0.99,877,0.500570125427594,0.5017103762827823,1.0,0.004555808656036446,0.009070294784580499,0.9999999999999977,438,0,437,2
